{
  "num_nodes": 35408,
  "num_edges": 183194,
  "median_degree": 4.0,
  "diameter": 15.0,
  "median_path_length": 4.0,
  "median_closeness": 0.24785792288522387,
  "median_betweenness": 3.0963958184597185e-07,
  "avg_clustering": 0.4098283542246477,
  "timings": {
    "degree": 0.020859479904174805,
    "diameter": 0.08856773376464844,
    "median_path_length": 20.060851335525513,
    "median_closeness": 69.74746561050415,
    "median_betweenness": 24.953819751739502,
    "avg_clustering": 3.051360607147217,
    "total": 118.82922291755676
  }
}